Nama Gudang;Kode1;Kode2;Kode3;Kota;kodekab;Provinsi
Kutacane;E304;B401;D3CI;KAB. ACEH TENGGARA;1102;ACEH
Aceh Tengah;E397;B4CB;D3CG;KAB. ACEH TENGAH;1104;ACEH
Takengon;E3AP;D3HE;;KAB. ACEH TENGAH;1104;ACEH
Meulaboh;E395;B4AS;D3HB;KAB. ACEH BARAT;1105;ACEH
Aceh Besar;E302;B3GF;D3HC;KAB. ACEH BESAR;1106;ACEH
Sigli;E3AY;B3HI;D3GM;KAB. PIDIE;1107;ACEH
Blang Pidie;E392;B403;D3CH;KAB. ACEH BARAT DAYA;1112;ACEH
Nagan Raya;E3AX;B3HS;D3HF;KAB. NAGAN RAYA;1115;ACEH
Lhokseumawe;E391;B402;D3CJ;KOTA LHOKSEUMAWE;1173;ACEH
Langsa;E3AU;B3H1;D3HA;KOTA LANGSA;1174;ACEH
Subulussalam;E396;B4AT;D3HD;KOTA SUBULUSSALAM;1175;ACEH
Sibolga II;E399;B405;D3DC;KAB. TAPANULI TENGAH;1201;SUMATERA UTARA
Tapanuli Utara;E388;B4BV;D3DF;KAB. TAPANULI UTARA;1202;SUMATERA UTARA
Tanah Karo;E3A5;B410;D3DE;KAB. KARO;1206;SUMATERA UTARA
Kabanjahe;E305;D3HL;;KAB. KARO;1206;SUMATERA UTARA
Binjai;E3A7;B4CM;D3CV;KAB. DELI SERDANG;1207;SUMATERA UTARA
Asahan;E310;D3HK;;KAB. ASAHAN;1209;SUMATERA UTARA
Asahan II;E3A2;B407;D3CT;KAB. ASAHAN;1209;SUMATERA UTARA
Rantau Prapat;E308;B3GY;D3GB;KAB. LABUHAN BATU;1210;SUMATERA UTARA
Sidikalang;E311;D3HI;;KAB. DAIRI;1211;SUMATERA UTARA
Sidikalang II;E3AN;D3HJ;;KAB. DAIRI;1211;SUMATERA UTARA
Dairi;E3A4;B409;D3CW;KAB. DAIRI;1211;SUMATERA UTARA
Balige;E307;B3GZ;D3GC;KAB. TOBA SAMOSIR;1212;SUMATERA UTARA
Humbang Hasunduntan;E389;D3HO;;KAB. HUMBANG HASUNDUTAN;1216;SUMATERA UTARA
Humbang Hasunduntan II;E3A0;B4CN;D3CX;KAB. HUMBANG HASUNDUTAN;1216;SUMATERA UTARA
Serdang Bedagai;E3AO;B411;D3DB;KAB. SERDANG BEDAGAI;1218;SUMATERA UTARA
Padang Lawas;E3AB;B4BS;D3HP;KAB. PADANG LAWAS;1221;SUMATERA UTARA
DC Medan II;E398;B202;D3HG;KOTA MEDAN;1271;SUMATERA UTARA
Simalungun;E3A3;B408;D3DD;KOTA PEMATANG SIANTAR;1272;SUMATERA UTARA
Siantar;E306;D3HM;;KOTA PEMATANG SIANTAR;1272;SUMATERA UTARA
Sibolga;E233;;;KOTA SIBOLGA;1273;SUMATERA UTARA
Padang Sidempuan II;E3A9;B413;D3DA;KOTA PADANG SIDEMPUAN;1277;SUMATERA UTARA
Padang Sidempuan;E309;D3HN;;KOTA PADANG SIDEMPUAN;1277;SUMATERA UTARA
Nias;E3AA;B4AK;D3CZ;KOTA GUNUNG SITOLI;1278;SUMATERA UTARA
Gunung Sitoli;E328;D3HH;;KOTA GUNUNG SITOLI;1278;SUMATERA UTARA
Painan PIM;E3AT;B3H0;D3GG;KAB. PESISIR SELATAN;1301;SUMATERA BARAT
GPP Solok;E313;B3GW;D3GA;KAB. SOLOK;1302;SUMATERA BARAT
Batu Sangkar;E3AG;B416;D3CR;KAB. TANAH DATAR;1304;SUMATERA BARAT
Padang Pariaman;E3AJ;B4AL;D3CN;KAB. PADANG PARIAMAN;1305;SUMATERA BARAT
Pasaman;E3AI;B4AU;D3CO;KAB. PASAMAN;1308;SUMATERA BARAT
Panti pasaman;E316;B3I3;F3CZ;KAB. PASAMAN;1308;SUMATERA BARAT
Panti Pasaman II;E386;B3I4;F3D0;KAB. PASAMAN;1308;SUMATERA BARAT
Dharmasraya;E3AM;B3AM;F3CP;KAB. DHARMASRAYA;1310;SUMATERA BARAT
Solok Selatan;E3AF;B4BD;F3CO;KAB. SOLOK SELATAN;1311;SUMATERA BARAT
Pasaman Barat;E323;B3H5;D3GJ;KAB. PASAMAN BARAT;1312;SUMATERA BARAT
Lini II PIM Padang;E234;B228;F281;KOTA PADANG;1371;SUMATERA BARAT
GPP Rawang;E202;B229;F239;KOTA PADANG;1371;SUMATERA BARAT
Padang Panjang;E315;B3HN;F3CX;KOTA PADANG PANJANG;1374;SUMATERA BARAT
GPP Bukit Tinggi;E314;B3H3;D3AE;KOTA BUKITTINGGI;1375;SUMATERA BARAT
Payakumbuh PIM;E3AV;B3H2;D3GH;KOTA PAYAKUMBUH;1376;SUMATERA BARAT
Kampar;E321;B3G9;F3D5;KAB. KAMPAR;1401;RIAU
Indragiri Hulu;B420;E3AQ;F3D8;KAB. INDRAGIRI HULU;1402;RIAU
Pekanbaru Panam;E320;B3GA;D3AB;KOTA PEKANBARU;1471;RIAU
Pekanbaru PSP;F3CL;;;KOTA PEKANBARU;1471;RIAU
Pekanbaru Palas;B421;E3AR;F3D7;KOTA PEKANBARU;1471;RIAU
Dumai PIM;E204;F282;;KOTA DUMAI;1472;RIAU
Dumai PKG;B422;;;KOTA DUMAI;1472;RIAU
PKT Dumai;D2A1;;;KOTA DUMAI;1472;RIAU
GPP Dumai;D267;;;KOTA DUMAI;1472;RIAU
GUDANG MERANGIN;F3B5;B426;;Kab. Merangin;1502;JAMBI
Gd Jambi;F3CA;B3FT;;Kota Jambi;1571;JAMBI
Gd Kerinci;F3BX;B424;;Kota Sungai Penuh;1572;JAMBI
GUDANG OKI;F382;B3EZ;;Kab. Ogan Komering Ilir;1602;SUMATERA SELATAN
GD LAHAT;F3BP;B3EY;;Kab. Lahat;1604;SUMATERA SELATAN
GD TANJUNG API-API;F364;;;Kab. Banyuasin;1607;SUMATERA SELATAN
GD TAA 2;F3BS;;;Kab. Banyuasin;1607;SUMATERA SELATAN
GD TANJUNG API-API 3;F3BY;;;Kab. Banyuasin;1607;SUMATERA SELATAN
GD BELITANG MTP;F352;;;Kab. Ogan Komering Ulu Timur;1608;SUMATERA SELATAN
GPP MARTAPURA;F304;;;Kab. Ogan Komering Ulu Timur;1608;SUMATERA SELATAN
GD TANJUNG API-API 4;F3CD;B3FV;;Kota Palembang;1671;SUMATERA SELATAN
GD Lubuk Linggau;F3BO;D3EQ;;Kota Lubuk Linggau;1673;SUMATERA SELATAN
GPP BENGKULU;F203;B230;;KOTA BENGKULU;1771;BENGKULU
BENGKULU I;B4BW;;;Kota Bengkulu;1771;BENGKULU
BENGKULU II PKG;B3FZ;;;Kota Bengkulu;1771;BENGKULU
PSP BENGKULU IV;F3C3;;;Kota Bengkulu;1771;BENGKULU
GD BRANTI TEGINENENG;F384;B3FJ;;Kab. Lampung Selatan;1801;LAMPUNG
LAMPUNG TENGAH PSP;F3CB;;;Kab. Lampung Tengah;1802;LAMPUNG
BGR BANDAR JAYA;F310;;;Kab. Lampung Tengah;1802;LAMPUNG
GD BANDAR JAYA 2;F3AY;B3F0;D3DH;Kab. Lampung Tengah;1802;LAMPUNG
GPP KALIBALANGAN;F311;;;Kab. Lampung Utara;1803;LAMPUNG
GD KOTABUMI;F3B0;B437;;Kab. Lampung Utara;1803;LAMPUNG
GPP SEKINCAU;F312;;;Kab. Lampung Barat;1804;LAMPUNG
LAMPUNG BARAT;B4BF;D3DG;;Kab. Lampung Barat;1804;LAMPUNG
GD Unit 8 Tulang Bawang;F3A1;B3F5;;Kab. Tulang Bawang;1805;LAMPUNG
GD WAY JEPARA;F314;B4CC;;Kab. Lampung Timur;1807;LAMPUNG
Lampung Timur;F3B3;B3F6;D3DI;Kab. Lampung Timur;1807;LAMPUNG
Gd Pesawaran;F3CF;B3G2;;Kab. Pesawaran;1809;LAMPUNG
GPP PRINGSEWU;F308;B3F2;D3DJ;Kab. Pringsewu;1810;LAMPUNG
GD PRINGSEWU II;B434;;;Kab. Pringsewu;1810;LAMPUNG
GD PADI MAS;F209;B3F4;D291;Kota Bandar Lampung;1871;LAMPUNG
GUDANG PADIMAS 2;F247;D292;;Kota Bandar Lampung;1871;LAMPUNG
Gudang lini II Lampung;F277;;;Kota Bandar Lampung;1871;LAMPUNG
DC LAMPUNG I;B224;;;Kota Bandar Lampung;1871;LAMPUNG
GUDANG BANDAR LAMPUNG;F3CH;;;Kota Bandar Lampung;1871;LAMPUNG
PSP DC Lampung III;F274;;;KOTA BANDAR LAMPUNG;1871;LAMPUNG
PKG DC Lampung II;B206;;;KOTA BANDAR LAMPUNG;1871;LAMPUNG
GUDANG BELITUNG 2;F383;D3FL;;Kab. Belitung;1902;KEP. BANGKA BELITUNG
GUDANG BELITUNG;F307;B438;;Kab. Belitung;1902;KEP. BANGKA BELITUNG
GD BANGKA;F204;B439;D294;Kota Pangkal Pinang;1971;KEP. BANGKA BELITUNG
Tanjung Pinang;E205;B4CV;;KOTA TANJUNG PINANG;2172;KEP. RIAU
Tanjung Pinang;B4CV;;;KOTA TANJUNG PINANG;2172;KEP. RIAU
BGR 4PARUNG;C398; B307;;KAB. BOGOR;3201;JAWA BARAT
SBM 1CIBOLANG;C322;;;KAB. SUKABUMI;3202;JAWA BARAT
SBM 3SURADE;C327;;;KAB. SUKABUMI;3202;JAWA BARAT
SBM 4CIBADAK2;C349; B3DK;;KAB. SUKABUMI;3202;JAWA BARAT
CJR 1PASIRHAYAM;C307; B3DL;;KAB. CIANJUR;3203;JAWA BARAT
CJR 4SINDANGBARANG2;C394;;;KAB. CIANJUR;3203;JAWA BARAT
CJR 3BOJONG;C364;;;KAB. CIANJUR;3203;JAWA BARAT
BDG 1NAGREG;C301; B3DI;;KAB. BANDUNG;3204;JAWA BARAT
BANDUNG BARAT;C3B9;;;KAB. BANDUNG;3204;JAWA BARAT
CIPARAY;C3B7;;;KAB. BANDUNG;3204;JAWA BARAT
GARUT 2 - TARONGGONG;B311;;;KAB. GARUT;3205;JAWA BARAT
GARUT 3 - CIKAJANG;B312;;;KAB. GARUT;3205;JAWA BARAT
GRT 2CIKELET;C328;;;KAB. GARUT;3205;JAWA BARAT
GRT 3CISURUPAN;C335;;;KAB. GARUT;3205;JAWA BARAT
GD BANYURESMI;C358; B3HL;;KAB. GARUT;3205;JAWA BARAT
PKG TASIKMALAYA 4;B3GT;;;KAB. TASIKMALAYA;3206;JAWA BARAT
TSM 1AWIPARI;C324; B3HB;;KAB. TASIKMALAYA;3206;JAWA BARAT
TSM 2CIPATUJAH;C363;;;KAB. TASIKMALAYA;3206;JAWA BARAT
TSM CIBEUREUM;B325 ; C3AL;;KAB. TASIKMALAYA;3206;JAWA BARAT
CMS2 CIMARAGAS;C352; B3HC;;KAB. CIAMIS;3207;JAWA BARAT
KNG 1LEBAKWANGI;C316; B3GQ;;KAB. KUNINGAN;3208;JAWA BARAT
KNG 2DARMA;C362;;;KAB. KUNINGAN;3208;JAWA BARAT
RKB 1MALINGPING;C332;;;KAB. KUNINGAN;3208;JAWA BARAT
CIREBON 2 - KALIJAGA;B310;;;KAB. CIREBON;3209;JAWA BARAT
CBN 3MUNDU2;C338;;;KAB. CIREBON;3209;JAWA BARAT
CBN 4PLUMBON;C368;;;KAB. CIREBON;3209;JAWA BARAT
CBN 1KEDAWUNG;C308;;;KAB. CIREBON;3209;JAWA BARAT
MJL 1DAWUAN;C317; B3FX;;KAB. MAJALENGKA;3210;JAWA BARAT
SMD 1PASEH;C323;;;KAB. SUMEDANG;3211;JAWA BARAT
INDRAMAYU 3 PATROL;B313;;;KAB. INDRAMAYU;3212;JAWA BARAT
INDRAMAYU 4 LOHBENER;B314;;;KAB. INDRAMAYU;3212;JAWA BARAT
IDM 1SUKRA;C311;;;KAB. INDRAMAYU;3212;JAWA BARAT
IDM 2JATIBARANG1;C312; B3EN;;KAB. INDRAMAYU;3212;JAWA BARAT
IDM 4KANDANGHAUR;C367;;;KAB. INDRAMAYU;3212;JAWA BARAT
SNG 2BINONG;C321; B321;;KAB. SUBANG;3213;JAWA BARAT
SNG 4KALIJATI;C353 ; B3HG;;KAB. SUBANG;3213;JAWA BARAT
PWK 1SUKATANI;C318; B320;;KAB. PURWAKARTA;3214;JAWA BARAT
BKS 2CIBARUSAH;C361;;;KAB. BEKASI;3216;JAWA BARAT
BKS CIKARANG;C375 ; B306;;KAB. BEKASI;3216;JAWA BARAT
PANGANDARAN;C3B8;;;KAB. PANGANDARAN;3218;JAWA BARAT
GD PSP CILACAP;F3BU;B3GR;;KAB. CILACAP;3301;JAWA TENGAH
CILACAP - KESUGIHAN;F3CI;B336;;KAB. CILACAP;3301;JAWA TENGAH
BANYUMAS WANGON 2;F3CJ;;;KAB. BANYUMAS;3302;JAWA TENGAH
BANYUMAS 3 - WANGON;B328;;;KAB. BANYUMAS;3302;JAWA TENGAH
BGR BOJONG, PURBALINGGA;F322;;;KAB. PURBALINGGA;3303;JAWA TENGAH
PURBALINGGA PKG;B3FN;;;KAB. PURBALINGGA;3303;JAWA TENGAH
GPP BANJARNEGARA;F323;B3D3;;KAB. BANJARNEGARA;3304;JAWA TENGAH
KEBUMEN - PURBOWANGI;B341;;;KAB. KEBUMEN;3305;JAWA TENGAH
GPP KEBUMEN;F324;;;KAB. KEBUMEN;3305;JAWA TENGAH
GPP PURWOREJO;F325;B3D0;;KAB. PURWOREJO;3306;JAWA TENGAH
WONOSOBO LEKSONO;B3AV;;;KAB. WONOSOBO;3307;JAWA TENGAH
WONOSOBO SAPURAN;F3C9;;;KAB. WONOSOBO;3307;JAWA TENGAH
GPP MAGELANG;F326;B3D2;;KAB. MAGELANG;3308;JAWA TENGAH
BOYOLALI - MOJOSONGO;F327;B333;;KAB. BOYOLALI;3309;JAWA TENGAH
GPP KLATEN;F328;B3D5;;KAB. KLATEN;3310;JAWA TENGAH
SUKOHARJO 2 - BAKI;B358;;;KAB. SUKOHARJO;3311;JAWA TENGAH
GPP SUKOHARJO;F329;;;KAB. SUKOHARJO;3311;JAWA TENGAH
WONOGIRI 2 - NAMBANGAN;B362;;;KAB. WONOGIRI;3312;JAWA TENGAH
BGR NGADIROJO, WONOGIRI;F330;;;KAB. WONOGIRI;3312;JAWA TENGAH
KARANGANYAR PKC;F3CM;;;KAB. KARANGANYAR;3313;JAWA TENGAH
GPP KARANGANYAR;F331;B3D1;;KAB. KARANGANYAR;3313;JAWA TENGAH
SRAGEN 1 - NGRAMPAL;B356;;;KAB. SRAGEN;3314;JAWA TENGAH
SRAGEN 2 - SBUNGMACAN;B357;;;KAB. SRAGEN;3314;JAWA TENGAH
GPP SRAGEN;F332;;;KAB. SRAGEN;3314;JAWA TENGAH
GROBOGAN 5;F3CG;B3GG;;KAB. GROBOGAN;3315;JAWA TENGAH
PURWODADI 2 - GETAS;B351;;;KAB. GROBOGAN;3315;JAWA TENGAH
QC PURWODADI - TAWANGHARJO;B3D7;;;KAB. GROBOGAN;3315;JAWA TENGAH
GPP GROBOGAN;F333;;;KAB. GROBOGAN;3315;JAWA TENGAH
BGR NGLEJOK GROBOGAN;F334;;;KAB. GROBOGAN;3315;JAWA TENGAH
BLORA 3 - BANGLE;B331;;;KAB. BLORA;3316;JAWA TENGAH
BLORA 4 - NGAWEN;F398;B332;;KAB. BLORA;3316;JAWA TENGAH
GPP BLORA - CEPU;F357;;;KAB. BLORA;3316;JAWA TENGAH
REMBANG-PUNJULHARJO;B3AY;;;KAB. REMBANG;3317;JAWA TENGAH
REMBANG-TRITUNGGAL;B3CY;;;KAB. REMBANG;3317;JAWA TENGAH
GPP LASEM REMBANG;F358;;;KAB. REMBANG;3317;JAWA TENGAH
PATI - JUWANA;B3BU;;;KAB. PATI;3318;JAWA TENGAH
PATI - SOKOKULON;B347;;;KAB. PATI;3318;JAWA TENGAH
GPP PATI;F336;;;KAB. PATI;3318;JAWA TENGAH
KUDUS - KALIWUNGU;F399;B3B5;;KAB. KUDUS;3319;JAWA TENGAH
JEPARA PSP PKG;F3C7;B3FM;;KAB. JEPARA;3320;JAWA TENGAH
DEMAK 1 - MRANAK;F338;B337;;KAB. DEMAK;3321;JAWA TENGAH
GUDANG DEMAK 2 KARANGAWEN;F385;;;KAB. DEMAK;3321;JAWA TENGAH
SEMARANG - KALIKUNING;F3A0;B355;;KAB. SEMARANG;3322;JAWA TENGAH
TEMANGGUNG PKG;B361;;;KAB. TEMANGGUNG;3323;JAWA TENGAH
BGR TEMANGGUNG;F340;;;KAB. TEMANGGUNG;3323;JAWA TENGAH
KENDAL - WONOREJO;B342;;;KAB. KENDAL;3324;JAWA TENGAH
GD JENARSARI, KENDAL;F341;;;KAB. KENDAL;3324;JAWA TENGAH
BATANG - KASEPUHAN;F397;B3CP;;KAB. BATANG;3325;JAWA TENGAH
PEMALANG - TAMAN;B354;;;KAB. PEMALANG;3327;JAWA TENGAH
GUDANG BEJI (PEMALANG);F3DB;;;KAB. PEMALANG;3327;JAWA TENGAH
TEGAL PURWAHAMBA 2;F3DC;B3G0;;KAB. TEGAL;3328;JAWA TENGAH
BREBES 1 - WONOSARI;B334;;;KAB. BREBES;3329;JAWA TENGAH
GPP BREBES;F3DA;B3CZ;;KAB. BREBES;3329;JAWA TENGAH
GD BULAKAMBA (BREBES);F3D9;;;KAB. BREBES;3329;JAWA TENGAH
SEMARANG CANDI;D207;;;KOTA SEMARANG;3374;JAWA TENGAH
GPP PEKALONGAN;F343;B3D6;;KOTA PEKALONGAN;3375;JAWA TENGAH
PEKALONGAN 2;F3CS;B3H7;;KOTA PEKALONGAN;3375;JAWA TENGAH
WATES - SENTOLO;F3BR;B364;;KAB. KULON PROGO;3401;DI YOGYAKARTA
BANTUL 2;B3F7;;;KAB. BANTUL;3402;DI YOGYAKARTA
GUNUNG KIDUL PKG;B3AR;;;KAB. GUNUNG KIDUL;3403;DI YOGYAKARTA
BGR GUNUNG KIDUL;F346;;;KAB. GUNUNG KIDUL;3403;DI YOGYAKARTA
GPP SLEMAN;F347;B3D4;;KAB. SLEMAN;3404;DI YOGYAKARTA
PKG Pacitan - Menadi;D3BB;;;KAB. PACITAN;3501;JAWA TIMUR
PKG Pacitan - Pringkuku;B3C4;;;KAB. PACITAN;3501;JAWA TIMUR
PKG Ponorogo - Cokro;D3AR;;;KAB. PONOROGO;3502;JAWA TIMUR
PKG Ponorogo - Kota;B3GS;;;KAB. PONOROGO;3502;JAWA TIMUR
PKG Trenggalek - Karangan;B3F8;;;KAB. TRENGGALEK;3503;JAWA TIMUR
PKG Trenggalek - Durenan;B3C7;D3AT;;KAB. TRENGGALEK;3503;JAWA TIMUR
PKG Tulungagung - Ngantru;D3BC;;;KAB. TULUNGAGUNG;3504;JAWA TIMUR
PKG Tulungagung - Boyolangu;B3EB;;;KAB. TULUNGAGUNG;3504;JAWA TIMUR
PKG Blitar - Sukorejo;B3B2;;;KAB. BLITAR;3505;JAWA TIMUR
PKG GPP Blitar - Garum;B3CS;;;KAB. BLITAR;3505;JAWA TIMUR
PKT GPP Blitar - Garum;D3AH;;;KAB. BLITAR;3505;JAWA TIMUR
PKG Kediri - Gurah;B3BX;;;KAB. KEDIRI;3506;JAWA TIMUR
PKG GPP Kediri - Ngadiluwih;B3BW;;;KAB. KEDIRI;3506;JAWA TIMUR
PKG Kediri - Kayen;B383;;;KAB. KEDIRI;3506;JAWA TIMUR
PKG GPP Malang - Pakisaji;B3CR;;;KAB. MALANG;3507;JAWA TIMUR
PKG Malang - Singosari;B3FI;;;KAB. MALANG;3507;JAWA TIMUR
PKG Lumajang - Rowokangkung;B389;;;KAB. LUMAJANG;3508;JAWA TIMUR
PKT Lumajang - Rowokangkung;D3GF;;;KAB. LUMAJANG;3508;JAWA TIMUR
PKT Lumajang - Sukodono;D535;;;KAB. LUMAJANG;3508;JAWA TIMUR
PKG Lumajang - Sukodono;B3DR;;;KAB. LUMAJANG;3508;JAWA TIMUR
PKG PI Jember - Langkap;B3H8;;;KAB. JEMBER;3509;JAWA TIMUR
PKT PI Jember - Langkap;D3GQ;;;KAB. JEMBER;3509;JAWA TIMUR
PKG Jember - Puger;B381;;;KAB. JEMBER;3509;JAWA TIMUR
PKT Jember - Puger;D3AI;;;KAB. JEMBER;3509;JAWA TIMUR
PKT GPP Jember - Rambipuji;D312;;;KAB. JEMBER;3509;JAWA TIMUR
PKG GPP Jember - Rambipuji;B379;;;KAB. JEMBER;3509;JAWA TIMUR
PKT Jember - Kranjingan;D3GP;;;KAB. JEMBER;3509;JAWA TIMUR
PKG Jember - Kranjingan;B3DT;;;KAB. JEMBER;3509;JAWA TIMUR
PKT Banyuwangi - Watudodol;D441;;;KAB. BANYUWANGI;3510;JAWA TIMUR
PKG Banyuwangi - Singojuruh;B366;;;KAB. BANYUWANGI;3510;JAWA TIMUR
PKT Banyuwangi - Singojuruh;D233;;;KAB. BANYUWANGI;3510;JAWA TIMUR
PKG Banyuwangi - Rogojampi;B367;;;KAB. BANYUWANGI;3510;JAWA TIMUR
PKT Banyuwangi - Rogojampi;D3AV;;;KAB. BANYUWANGI;3510;JAWA TIMUR
PKT Banyuwangi - Bubuk;D305;;;KAB. BANYUWANGI;3510;JAWA TIMUR
PKG Banyuwangi - Bubuk;B3DX;;;KAB. BANYUWANGI;3510;JAWA TIMUR
PKT GPP Banyuwangi - Kabat;D307;;;KAB. BANYUWANGI;3510;JAWA TIMUR
PKG GPP Banyuwangi - Kabat;B3DW;;;KAB. BANYUWANGI;3510;JAWA TIMUR
GD Pengantongan Bromo Meneng Banyuwangi;D205;;;KAB. BANYUWANGI;3510;JAWA TIMUR
PKT GPP Bondowoso - Wonosari;D3GD;;;KAB. BONDOWOSO;3511;JAWA TIMUR
PKG GPP Bondowoso - Wonosari;B3DU;;;KAB. BONDOWOSO;3511;JAWA TIMUR
PKG Bondowoso - Curahdami;B3EC;;;KAB. BONDOWOSO;3511;JAWA TIMUR
PKT Bondowoso - Curahdami;D3GO;;;KAB. BONDOWOSO;3511;JAWA TIMUR
PKT GPP Situbondo - Kalibagor;D3GE;;;KAB. SITUBONDO;3512;JAWA TIMUR
PKG GPP Situbondo - Kalibagor;B3DV;;;KAB. SITUBONDO;3512;JAWA TIMUR
PKG Situbondo - Panji;B3DZ;;;KAB. SITUBONDO;3512;JAWA TIMUR
PKT Situbondo - Panji;D3GT;;;KAB. SITUBONDO;3512;JAWA TIMUR
PKT GPP Probolinggo - Tongas;D329;;;KAB. PROBOLINGGO;3513;JAWA TIMUR
PKG GPP Probolinggo - Tongas;B3DQ;;;KAB. PROBOLINGGO;3513;JAWA TIMUR
PKG Probolinggo - Paiton;B3A8;;;KAB. PROBOLINGGO;3513;JAWA TIMUR
PKT Probolinggo - Paiton;D3GS;;;KAB. PROBOLINGGO;3513;JAWA TIMUR
PKG Pasuruan - Kejayan;B3A4;;;KAB. PASURUAN;3514;JAWA TIMUR
PKG Pasuruan - Gempol;B3DP;;;KAB. PASURUAN;3514;JAWA TIMUR
PKG Sidoarjo - Krian;B3DO;;;KAB. SIDOARJO;3515;JAWA TIMUR
PKG GPP Mojokerto - Sooko;B394;;;KAB. MOJOKERTO;3516;JAWA TIMUR
PKT GPP Mojokerto - Sooko;D3AZ;;;KAB. MOJOKERTO;3516;JAWA TIMUR
PKG Mojokerto - Mojosari;B3GJ;;;KAB. MOJOKERTO;3516;JAWA TIMUR
PKG Jombang - Gatsu;B382;D3AJ;;KAB. JOMBANG;3517;JAWA TIMUR
PKG Jombang - Jatipelem;B3C3;;;KAB. JOMBANG;3517;JAWA TIMUR
PKG GPP Nganjuk - Pehserut;B3BY;;;KAB. NGANJUK;3518;JAWA TIMUR
PKG PI Nganjuk - Loceret;B3DN;D3BA;;KAB. NGANJUK;3518;JAWA TIMUR
PKG GPP Madiun - Kaligunting;B3AT;;;KAB. MADIUN;3519;JAWA TIMUR
PKT GPP Madiun - Kaligunting;D3AK;;;KAB. MADIUN;3519;JAWA TIMUR
PKG Madiun - Kota;B390;D3AL;;KAB. MADIUN;3519;JAWA TIMUR
PKT Magetan - Maospati;D3AW;;;KAB. MAGETAN;3520;JAWA TIMUR
PKG Magetan - Maospati;B391;;;KAB. MAGETAN;3520;JAWA TIMUR
PKG Ngawi - Sidokerto;B3B3;;;KAB. NGAWI;3521;JAWA TIMUR
PKG Ngawi - Paron;B399;;;KAB. NGAWI;3521;JAWA TIMUR
PKG Bojonegoro - Sumberejo;B372;;;KAB. BOJONEGORO;3522;JAWA TIMUR
PKG Bojonegoro - Talok;B3BC;;;KAB. BOJONEGORO;3522;JAWA TIMUR
PKG Bojonegoro - Padangan;B373;;;KAB. BOJONEGORO;3522;JAWA TIMUR
PKG Tuban - Jenu;B3AH;;;KAB. TUBAN;3523;JAWA TIMUR
PKG GPP Tuban - Palang;B3AG;;;KAB. TUBAN;3523;JAWA TIMUR
PKG GPP Lamongan - Kota;B386;;;KAB. LAMONGAN;3524;JAWA TIMUR
PKG Lamongan - Waruwetan;B3BI;;;KAB. LAMONGAN;3524;JAWA TIMUR
PKG GPP Bangkalan - Keleyan;B3BV;;;KAB. BANGKALAN;3526;JAWA TIMUR
PKG Bangkalan - Bilaporah;B3F9;;;KAB. BANGKALAN;3526;JAWA TIMUR
PKG GPP Sampang - Kamuning;B3C1;;;KAB. SAMPANG;3527;JAWA TIMUR
PKG Sampang - Torjun;B3C2;;;KAB. SAMPANG;3527;JAWA TIMUR
PKG Sampang - Krampon;B3B6;;;KAB. SAMPANG;3527;JAWA TIMUR
PKG GPP Pamekasan - Nyalaran;B3BZ;;;KAB. PAMEKASAN;3528;JAWA TIMUR
PKG Pamekasan - Galis;B3A3;;;KAB. PAMEKASAN;3528;JAWA TIMUR
PKG Pamekasan - Larangan;B3A2;;;KAB. PAMEKASAN;3528;JAWA TIMUR
PKG GPP Sumenep - Kalianget;B3CA;;;KAB. SUMENEP;3529;JAWA TIMUR
PKG Sumenep - Saronggi;B3AD;;;KAB. SUMENEP;3529;JAWA TIMUR
PKG Sumenep - Bluto;B3AE;;;KAB. SUMENEP;3529;JAWA TIMUR
GD Pengantongan Probolinggo PKT;Belum ada Plant;;;KOTA PROBOLINGGO;3574;JAWA TIMUR
PKT Surabaya 2;D202;;;KOTA SURABAYA;3578;JAWA TIMUR
PKT Surabaya 3;D3FI;;;KOTA SURABAYA;3578;JAWA TIMUR
GD Pengantongan MST Romokalisari;D277;;;KOTA SURABAYA;3578;JAWA TIMUR
PANIMBANG - PKC;C3B1;;;KAB. PANDEGLANG;3601;BANTEN
PDG 1SABI;C333;;;KAB. PANDEGLANG;3601;BANTEN
KARANG TANJUNG;B3BF; C3BA;;KAB. PANDEGLANG;3601;BANTEN
PKG LEBAK 5;B3GU;;;KAB. LEBAK;3602;BANTEN
LEBAK 3 - MALIMPING;B301;;;KAB. LEBAK;3602;BANTEN
MAUK 2;C3B6;;;KAB. TANGERANG;3603;BANTEN
SRG 1SUMURPECUNG;C330; B3FW;;KAB. SERANG;3604;BANTEN
GD PKG Yeh Embang Jembrana;D339;;;KAB. JEMBRANA;5101;BALI
GD PSP Yeh Embang Jembrana;F3C2;;;KAB. JEMBRANA;5101;BALI
GD PSP Kediri Tabanan;F3A7;;;KAB. TABANAN;5102;BALI
GD PKG Kediri Tabanan;D342;;;KAB. TABANAN;5102;BALI
GD PKG Bitera Gianyar;B3AM;;;KAB. GIANYAR;5104;BALI
GD PSP Bitera Gianyar;F3C1;;;KAB. GIANYAR;5104;BALI
GD PKG Gelgel Klungkung;B3AW;;;KAB. KLUNGKUNG;5105;BALI
GD PSP Gelgel Klungkung;F3BF;;;KAB. KLUNGKUNG;5105;BALI
GD PSP Tembuku;B3AK;;;KAB. BANGLI;5106;BALI
GD PSP Temukus Buleleng;F3A2;;;KAB. BULELENG;5108;BALI
GD PKG Wiroka Buleleng;D337;;;KAB. BULELENG;5108;BALI
UPP Celukan Bawang;F249;B227;;KAB. BULELENG;5108;BALI
PKG Lombok Barat Serumbung A;B3GI;;;KAB. LOMBOK BARAT;5201;NUSA TENGGARA BARAT
GD PKT Lombok Barat BGR Lembar;D211;;;KAB. LOMBOK BARAT;5201;NUSA TENGGARA BARAT
GD PKT Lombok Barat Serumbung C;D212;;;KAB. LOMBOK BARAT;5201;NUSA TENGGARA BARAT
GD PKT Lombok Barat Serumbung Cemara;D217;;;KAB. LOMBOK BARAT;5201;NUSA TENGGARA BARAT
GD PKG Lombok Barat Serumbung;B4AF;;;KAB. LOMBOK BARAT;5201;NUSA TENGGARA BARAT
GPP PKT Lombok Barat Lembar;D271;;;KAB. LOMBOK BARAT;5201;NUSA TENGGARA BARAT
GD PKG Lombok Barat Lembar II;B442;;;KAB. LOMBOK BARAT;5201;NUSA TENGGARA BARAT
GD PKT Lombok Tengah Batukliang;D343;;;KAB. LOMBOK TENGAH;5202;NUSA TENGGARA BARAT
GD PKT Lombok Tengah Kawo;D344;;;KAB. LOMBOK TENGAH;5202;NUSA TENGGARA BARAT
GD PKG Lombok Tengah Kawo;B3FQ;;;KAB. LOMBOK TENGAH;5202;NUSA TENGGARA BARAT
GD PKG Lombok Tengah - Semparu;B3FS;;;KAB. LOMBOK TENGAH;5202;NUSA TENGGARA BARAT
GD PKG Lombok Timur Pringgabaya;B441;;;KAB. LOMBOK TIMUR;5203;NUSA TENGGARA BARAT
GD PKT Lombok Timur Swangi;D346;;;KAB. LOMBOK TIMUR;5203;NUSA TENGGARA BARAT
GD PKT Lombok Timur Aikmel;D347;;;KAB. LOMBOK TIMUR;5203;NUSA TENGGARA BARAT
GD PKG Lombok Timur Sakra;B4BA;;;KAB. LOMBOK TIMUR;5203;NUSA TENGGARA BARAT
GD Alas Sumbawa;D3FO;;;KAB. SUMBAWA;5204;NUSA TENGGARA BARAT
GD PKT Sumbawa Badas;D349;;;KAB. SUMBAWA;5204;NUSA TENGGARA BARAT
GD PKT Sumbawa Bogas;D350;;;KAB. SUMBAWA;5204;NUSA TENGGARA BARAT
GD PKT Sumbawa Samapuin;D351;;;KAB. SUMBAWA;5204;NUSA TENGGARA BARAT
GD PKT Sumbawa B Unteriwis;D3EM;;;KAB. SUMBAWA;5204;NUSA TENGGARA BARAT
GD PKG Sumbawa Buer;B4BY;;;KAB. SUMBAWA;5204;NUSA TENGGARA BARAT
GD PKG Sumbawa I Unteriwis;B443;;;KAB. SUMBAWA;5204;NUSA TENGGARA BARAT
GD PKG Sumbawa II Badas;B444;;;KAB. SUMBAWA;5204;NUSA TENGGARA BARAT
GD PKT Dompu - Kempo;D3FP;;;KAB. DOMPU;5205;NUSA TENGGARA BARAT
GD PKG Dompu - Kempo;B3FR;;;KAB. DOMPU;5205;NUSA TENGGARA BARAT
GD Bima Pandai;D542;;;KAB. BIMA;5206;NUSA TENGGARA BARAT
GD PKT Bima Penaraga;D354;;;KAB. BIMA;5206;NUSA TENGGARA BARAT
GD PKT Kota Bima Asakota;D355;;;KAB. BIMA;5206;NUSA TENGGARA BARAT
GD PKT Bima Bolo;D353;;;KAB. BIMA;5206;NUSA TENGGARA BARAT
GD PKT Lombok Utara Kayangan;B3FA;;;KAB. LOMBOK UTARA;5208;NUSA TENGGARA BARAT
PKG Atambua;B452;;;KAB. BELU;5304;NUSA TENGGARA TIMUR
PKT Atambua;D451;;;KAB. BELU;5304;NUSA TENGGARA TIMUR
Maumere B;D448;;;KAB. SIKKA;5307;NUSA TENGGARA TIMUR
PKG Ende;B448;;;KAB. ENDE;5308;NUSA TENGGARA TIMUR
PKT Ende;D356;;;KAB. ENDE;5308;NUSA TENGGARA TIMUR
Ruteng Manggarai;D428;;;KAB. MANGGARAI;5310;NUSA TENGGARA TIMUR
Reo Flores Manggarai B;D449;;;KAB. MANGGARAI;5310;NUSA TENGGARA TIMUR
Reo Flores Manggarai A;D425;;;KAB. MANGGARAI;5310;NUSA TENGGARA TIMUR
Waingapu;B4AD;;;KAB. SUMBA TIMUR;5311;NUSA TENGGARA TIMUR
Waingapu II;D427;;;KAB. SUMBA TIMUR;5311;NUSA TENGGARA TIMUR
Waikabubak;B4AC;;;KAB. SUMBA BARAT;5312;NUSA TENGGARA TIMUR
Rote Ndao;B4CH;;;KAB. ROTE NDAO;5314;NUSA TENGGARA TIMUR
Rote Ndao II;D426;;;KAB. ROTE NDAO;5314;NUSA TENGGARA TIMUR
Labuan Bajo I;D3AF;;;KAB. MANGGARAI BARAT;5315;NUSA TENGGARA TIMUR
Waikabubak II;D452;;;KAB. SUMBA BARAT DAYA;5318;NUSA TENGGARA TIMUR
Sabu Raijua;D538;;;KAB. SABU RAIJUA;5320;NUSA TENGGARA TIMUR
GPP Kupang;D219;;;KOTA KUPANG;5371;NUSA TENGGARA TIMUR
PKG Kupang;B447;;;KOTA KUPANG;5371;NUSA TENGGARA TIMUR
PKT Kupang;D215;;;KOTA KUPANG;5371;NUSA TENGGARA TIMUR
GPP Sintete Sambas;D3AG;B4DA;;KAB. SAMBAS;6101;KALIMANTAN BARAT
Sintete Sambas II;D446;B3GX;;KAB. SAMBAS;6101;KALIMANTAN BARAT
Pontianak III;D289;B4BC;;KAB. MEMPAWAH;6102;KALIMANTAN BARAT
Pontianak II;D2A0;;;KAB. MEMPAWAH;6102;KALIMANTAN BARAT
PKT Sanggau;D531;B4DD;;KAB. SANGGAU;6103;KALIMANTAN BARAT
PKT Ketapang;D443;B455;;KAB. KETAPANG;6104;KALIMANTAN BARAT
PKT Sekadau;D539;B456;;KAB. SEKADAU;6109;KALIMANTAN BARAT
PKT Pontianak;D283;;;KOTA PONTIANAK;6171;KALIMANTAN BARAT
Pontianak IV;B3GH;;;KOTA PONTIANAK;6171;KALIMANTAN BARAT
GPP Pontianak;D295;;;KOTA PONTIANAK;6171;KALIMANTAN BARAT
Kumai B;D454;;;KAB. KOTAWARINGIN BARAT;6201;KALIMANTAN TENGAH
Kumai Padat Karya;D227;;;KAB. KOTAWARINGIN BARAT;6201;KALIMANTAN TENGAH
PKT Sampit;D429;;;KAB. KOTAWARINGIN TIMUR;6202;KALIMANTAN TENGAH
Trijaya Kotim;D430;;;KAB. KOTAWARINGIN TIMUR;6202;KALIMANTAN TENGAH
Kapuas;D3BI;;;KAB. KAPUAS;6203;KALIMANTAN TENGAH
Pulang Pisau II;D3FR;;;KAB. PULANG PISAU;6211;KALIMANTAN TENGAH
PKT Ampah;D358;;;KAB. BARITO TIMUR;6213;KALIMANTAN TENGAH
GD PKT Tanah Laut II ;D366;B466;;KAB. TANAH LAUT;6301;KALIMANTAN SELATAN
GD PKT Tanah Laut I;D3AQ;;;KAB. TANAH LAUT;6301;KALIMANTAN SELATAN
BJR 1BANJAR;C305; B3FP;;KAB. BANJAR;6303;KALIMANTAN SELATAN
GD PKT Barito Kuala II ;D360;B4BG;;KAB. BARITO KUALA;6304;KALIMANTAN SELATAN
GD PKT Tapin I ;D3BE;B465;;KAB. TAPIN;6305;KALIMANTAN SELATAN
GD PKT Tapin II;D444;;;KAB. TAPIN;6305;KALIMANTAN SELATAN
GD PKT GPP Kandangan ;D3AP;B3FG;;KAB. HULU SUNGAI SELATAN;6306;KALIMANTAN SELATAN
GD PKT Barabai HST ;D362;B467;;KAB. HULU SUNGAI TENGAH;6307;KALIMANTAN SELATAN
GD PKT Tanjung ;D363;B470;;KAB. TABALONG;6309;KALIMANTAN SELATAN
GD PKT Tanah Bumbu ;D365;B464;;KAB. TANAH BUMBU;6310;KALIMANTAN SELATAN
GD PKT GPP Banjarmasin;D3AN;;;KOTA BANJARBARU;6372;KALIMANTAN SELATAN
GD PKT Indonusa Kong Ex 2 ;D432;B4DH;;KOTA BANJARBARU;6372;KALIMANTAN SELATAN
GD PKT Indonusa Kong Ex 4;D455;;;KOTA BANJARBARU;6372;KALIMANTAN SELATAN
GD PKT Indonusa Kong Ex 6;D229;;;KOTA BANJARBARU;6372;KALIMANTAN SELATAN
GD PKT Tanah Grogot Paser ;D413;B4AW;;KAB. PASER;6401;KALIMANTAN TIMUR
GD PKT Berau ;D410;B4DL;;KAB. BERAU;6403;KALIMANTAN TIMUR
GD PKT Kutai Timur I ;D412;B4BJ;;KAB. KUTAI TIMUR;6408;KALIMANTAN TIMUR
GD PKT Kutai Timur II;D3BO;;;KAB. KUTAI TIMUR;6408;KALIMANTAN TIMUR
GD PKT Penajam Paser Utara I;D414;;;KAB. PENAJAM PASER UTARA;6409;KALIMANTAN TIMUR
GD PKT Penajam Paser Utara II ;D3BP;B4BI;;KAB. PENAJAM PASER UTARA;6409;KALIMANTAN TIMUR
GD PKT Balikpapan ;D411;;;KOTA BALIKPAPAN;6471;KALIMANTAN TIMUR
GD PKT Samarinda II;D235;;;KOTA SAMARINDA;6472;KALIMANTAN TIMUR
GD PKT Samarinda I ;D3BR;B472;;KOTA SAMARINDA;6472;KALIMANTAN TIMUR
GD PKT Bulungan ;D251;B4AR;;KAB. BULUNGAN;6501;KALIMANTAN UTARA
GD PKT Malinau;D543;;;KAB. MALINAU;6502;KALIMANTAN UTARA
GD PKT Tarakan I ;D3BT;B4AI;;KOTA TARAKAN;6571;KALIMANTAN UTARA
GD TUNGOI KOTAMOBAGU;D304;B474;;KAB. BOLAANG MONGONDOW;7101;SULAWESI UTARA
GD PKT MINAHASA;D537;B3HR;;KAB. MINAHASA;7102;SULAWESI UTARA
GD PKT MINAHASA SELATAN;D3FC;B4B0;;KAB. MINAHASA SELATAN;7105;SULAWESI UTARA
GD SANGKUB BOLMUT;D369;B4EC;;KAB. BOLAANG MONGONDOW UTARA;7108;SULAWESI UTARA
GD GPP BITUNG;D240;B475;;KOTA BITUNG;7172;SULAWESI UTARA
GD PKT SAGERAT BITUNG;D367;B476;;KOTA BITUNG;7172;SULAWESI UTARA
GD PKT Luwuk Banggai I ;D374;B3G6;;KAB. BANGGAI;7201;SULAWESI TENGAH
GD PKG Luwuk Banggai II;B3GB;;;KAB. BANGGAI;7201;SULAWESI TENGAH
GD PKT Luwuk Banggai II;D3FV;;;KAB. BANGGAI;7201;SULAWESI TENGAH
GD PKT Poso;D379;;;KAB. POSO;7202;SULAWESI TENGAH
GD PKG Poso;B4CD;;;KAB. POSO;7202;SULAWESI TENGAH
GD PKT Toli Toli I;D421;;;KAB. TOLI-TOLI;7204;SULAWESI TENGAH
GD PKG Toli Toli II;D3FA;;;KAB. TOLI-TOLI;7204;SULAWESI TENGAH
GD PKG Morowali II;B478;;;KAB. MOROWALI;7206;SULAWESI TENGAH
GD PKT Morowali I;D376;;;KAB. MOROWALI;7206;SULAWESI TENGAH
GD PKG Parigi Moutong I;D3EZ;;;KAB. PARIGI MOUTONG;7208;SULAWESI TENGAH
GD PKT Kayu Agung Parimo;D377;;;KAB. PARIGI MOUTONG;7208;SULAWESI TENGAH
GD PKG Kayu Agung Parimo;B3G8;;;KAB. PARIGI MOUTONG;7208;SULAWESI TENGAH
GD PKT Parigi Moutong II;D378;;;KAB. PARIGI MOUTONG;7208;SULAWESI TENGAH
GD PKT Palu II ;D225;B481;;KOTA PALU;7271;SULAWESI TENGAH
GD PKG Palu I;D3EY;;;KOTA PALU;7271;SULAWESI TENGAH
GD PKG Palu Utara;B3GD;;;KOTA PALU;7271;SULAWESI TENGAH
GD PKT GPP Taipa Palu;D242;;;KOTA PALU;7271;SULAWESI TENGAH
GD PKG Bulukumba II;B3HZ;;;KAB. BULUKUMBA;7302;SULAWESI SELATAN
GD PKT Bulukumba I;D384;B3HT;;KAB. BULUKUMBA;7302;SULAWESI SELATAN
GD PKT Bantaeng;D380;B3HU;;KAB. BANTAENG;7303;SULAWESI SELATAN
GD PKT Jeneponto I;D534;B3HQ;;KAB. JENEPONTO;7304;SULAWESI SELATAN
GD PKG Jeneponto II;B4AG;;;KAB. JENEPONTO;7304;SULAWESI SELATAN
GD PKT Takalar I;D434;;;KAB. TAKALAR;7305;SULAWESI SELATAN
GD PKG Takalar II;B483;;;KAB. GOWA;7306;SULAWESI SELATAN
GD PKT Takalar II;D3FU;;;KAB. GOWA;7306;SULAWESI SELATAN
GD PKT Sinjai I;D398;;;KAB. SINJAI;7307;SULAWESI SELATAN
GD PKG Sinjai II;B4BQ;;;KAB. SINJAI;7307;SULAWESI SELATAN
GD PKT Bone III;D383;;;KAB. BONE;7308;SULAWESI SELATAN
GD PKG Bone I;B485;;;KAB. BONE;7308;SULAWESI SELATAN
GD PKT Bone I;D541;;;KAB. BONE;7308;SULAWESI SELATAN
GD PKG Bone II;B486;;;KAB. BONE;7308;SULAWESI SELATAN
GD PKT Pangkep I;D438;;;KAB. PANGKAJENE KEPULAUAN;7310;SULAWESI SELATAN
GD PKT Barru I;D381;;;KAB. BARRU;7311;SULAWESI SELATAN
GD PKG Barru II;B484;;;KAB. BARRU;7311;SULAWESI SELATAN
GD PKT Soppeng I;D399;;;KAB. SOPPENG;7312;SULAWESI SELATAN
GD PKG Soppeng II;B4AY;;;KAB. SOPPENG;7312;SULAWESI SELATAN
GD PKT Pammana Wajo;D437;;;KAB. WAJO;7313;SULAWESI SELATAN
GD PKT Tana Sitolo Wajo;D436;;;KAB. WAJO;7313;SULAWESI SELATAN
GD PKG Wajo II;B4BU;;;KAB. WAJO;7313;SULAWESI SELATAN
GD PKT Sidrap I;D397;;;KAB. SIDENRENG RAPPANG;7314;SULAWESI SELATAN
GD PKT Sidrap II;D3FZ;;;KAB. SIDENRENG RAPPANG;7314;SULAWESI SELATAN
GD PKG Sidrap IV;B3HY;;;KAB. SIDENRENG RAPPANG;7314;SULAWESI SELATAN
GD PKG Sidrap III;B4BP;;;KAB. SIDENRENG RAPPANG;7314;SULAWESI SELATAN
GD PKT Pinrang I;D394;;;KAB. PINRANG;7315;SULAWESI SELATAN
GD PKG Pinrang II;B4CG;;;KAB. PINRANG;7315;SULAWESI SELATAN
GD PKT Enrekang I;D385;;;KAB. ENREKANG;7316;SULAWESI SELATAN
GD PKG Enrekang II;B3G5;;;KAB. ENREKANG;7316;SULAWESI SELATAN
GD PKT Luwu I;D390;;;KAB. LUWU;7317;SULAWESI SELATAN
GD PKG Luwu II;B4BO;;;KAB. LUWU;7317;SULAWESI SELATAN
GD PKT Luwu Utara I;D392;;;KAB. LUWU UTARA;7322;SULAWESI SELATAN
GD PKG Luwu Utara II;B4AH;;;KAB. LUWU UTARA;7322;SULAWESI SELATAN
GD PKT Luwu Timur I;D391;;;KAB. LUWU TIMUR;7324;SULAWESI SELATAN
GD PKG Luwu Timur II;B489;;;KAB. LUWU TIMUR;7324;SULAWESI SELATAN
GD PKT Toraja Utara II;D3FN;;;KAB. TORAJA UTARA;7326;SULAWESI SELATAN
GD PKG Toraja Utara II;B3G4;;;KAB. TORAJA UTARA;7326;SULAWESI SELATAN
GD PKG Makassar I;B225;;;KOTA MAKASSAR;7371;SULAWESI SELATAN
GD PKG Makassar II;B226;;;KOTA MAKASSAR;7371;SULAWESI SELATAN
GD PKT Makassar III;D279;;;KOTA MAKASSAR;7371;SULAWESI SELATAN
GD DSP Parangloe Makassar;D243;;;KOTA MAKASSAR;7371;SULAWESI SELATAN
GD Pengantongan PKT Makassar;D297;;;KOTA MAKASSAR;7371;SULAWESI SELATAN
GD DC I BGR;B214;;;KOTA MAKASSAR;7371;SULAWESI SELATAN
GD DC II PCS;B208;;;KOTA MAKASSAR;7371;SULAWESI SELATAN
GD PKG Pare Pare II;B490;;;KOTA PARE-PARE;7372;SULAWESI SELATAN
GD PKT GPP Pare Pare;D389;;;KOTA PARE-PARE;7372;SULAWESI SELATAN
GD PKG Palopo II;B491;;;KOTA PALOPO;7373;SULAWESI SELATAN
GD PKT GPP Palopo;D388;;;KOTA PALOPO;7373;SULAWESI SELATAN
GD PKT Kolaka I;D270;B4AX;;KAB. KOLAKA;7401;SULAWESI TENGGARA
GD PKG Kolaka II;B3I1;Dxxx;;KAB. KOLAKA;7401;SULAWESI TENGGARA
GD PKT Tinanggea Konawe Selatan;D409;;;KAB. KONAWE SELATAN;7405;SULAWESI TENGGARA
GD PKG Tinanggea Konawe Selatan;B3G3;;;KAB. KONAWE SELATAN;7405;SULAWESI TENGGARA
GD PKT Kolaka Utara;D420;B4BN;;KAB. KOLAKA UTARA;7408;SULAWESI TENGGARA
GD PKT Kendari II;D280;;;KOTA KENDARI;7471;SULAWESI TENGGARA
GD PKG Kendari I;B492;;;KOTA KENDARI;7471;SULAWESI TENGGARA
GD PKG Kendari III;B494;;;KOTA KENDARI;7471;SULAWESI TENGGARA
GD PKT Bau Bau I;D406;;;KOTA BAU-BAU;7472;SULAWESI TENGGARA
GD PKG Bau Bau II;B495;;;KOTA BAU-BAU;7472;SULAWESI TENGGARA
GD GPP TELAGA GORONTALO;D371;;;KAB. GORONTALO;7501;GORONTALO
GP GORONTALO;B496;D3ET;;KAB. GORONTALO;7501;GORONTALO
GD GORONTALO III;D299;;;KAB. GORONTALO;7501;GORONTALO
GD GORONTALO IV;D2A2;;;KAB. GORONTALO;7501;GORONTALO
GP BOALEMO;B4BM;D3EU;;KAB. BOALEMO;7502;GORONTALO
GP BOALEMO 2;D298;B223;;KAB. BOALEMO;7502;GORONTALO
GD DELIMA MARISA POHUWATO;D372;B3HP;;KAB. POHUWATU;7504;GORONTALO
GP POHUWATO;B4AZ;D3EW;;KAB. POHUWATU;7504;GORONTALO
GD GORONTALO UTARA;B4BL;D3EV;;KAB. GORONTALO UTARA;7505;GORONTALO
GD PKT Mamuju Utara;D440;B3FC;;KAB. PASANGKAYU;7601;SULAWESI BARAT
GD PKG Mamuju Tengah;B3HO;;;KAB. PASANGKAYU;7601;SULAWESI BARAT
GD PKT Mamuju;D249;;;KAB. MAMUJU;7602;SULAWESI BARAT
GD PKG Mamuju II;B498;;;KAB. MAMUJU;7602;SULAWESI BARAT
GD PKT Polman I;D439;;;KAB. POLEWALI MANDAR;7604;SULAWESI BARAT
GD PKG Polman II;B497;;;KAB. POLEWALI MANDAR;7604;SULAWESI BARAT
GD PKT Polman III;D3FX;;;KAB. POLEWALI MANDAR;7604;SULAWESI BARAT
GP KOBISONTA;B499;;;KAB. MALUKU TENGAH;8101;MALUKU
GP NAMLEA BURU;B4DM;;;KAB. BURU;8104;MALUKU
GP AMBON II;B3FO;;;KOTA AMBON;8171;MALUKU
GP TOBELO II;B4CL;;;KAB. HALMAHERA UTARA;8203;MALUKU UTARA
GP HALMAHERA TIMUR II;B4CJ;;;KAB. HALMAHERA TIMUR;8206;MALUKU UTARA
GP TERNATE;B4A3;;;KOTA TERNATE;8271;MALUKU UTARA
GP BIAK NUMFOR;B4BR;;;KAB. BIAK NUMFOR;9106;PAPUA
GP KEEROM;B4AA;;;KAB. KEEROM;9111;PAPUA
GP KOYA BARAT JAYAPURA;B4DR;;;KOTA JAYAPURA;9171;PAPUA
GP MANOKWARI II;B4BB;;;KAB. MANOKWARI SELATAN;9211;PAPUA BARAT
GP MERAUKE I;B4A7;;;KAB. MERAUKE;9301;PAPUA SELATAN
GP MERAUKE II;B4A8;;;KAB. MERAUKE;9301;PAPUA SELATAN
GP WIRA USAHA SEJATI MERAUKE;B4DQ;;;KAB. MERAUKE;9301;PAPUA SELATAN
GP NABIRE;B4AB;;;KAB. NABIRE;9401;PAPUA TENGAH
GP TIMIKA II;B4BT;;;KAB. MIMIKA;9404;PAPUA TENGAH
GP SORONG;B4A4;;;KOTA SORONG;9671;PAPUA BARAT DAYA
